Store Name,URL
Echtwonen,https://woonboulevardutrecht.com/winkels/echtwonen-3/
Echtwonen,https://woonboulevardutrecht.com/winkels/echtwonen-2/
UrbanSofa,https://woonboulevardutrecht.com/winkels/urbansofa/
Prominent,https://woonboulevardutrecht.com/winkels/prominent/
Kitchen4All,https://woonboulevardutrecht.com/winkels/kitchen4all/
KeukenCoach,https://woonboulevardutrecht.com/winkels/keukencoach/
i-Kook,https://woonboulevardutrecht.com/winkels/i-kook/
Knulst vloeren,https://woonboulevardutrecht.com/winkels/knulst-vloeren/
Floors & More,https://woonboulevardutrecht.com/winkels/floors-more/
Coolblue,https://woonboulevardutrecht.com/winkels/coolblue/
Hugo wonen,https://woonboulevardutrecht.com/winkels/hugo-wonen/
Tulp Keukens,https://woonboulevardutrecht.com/winkels/tulp-keukens/
Trendhopper,https://woonboulevardutrecht.com/winkels/trendhopper/
X2O Badkamers,https://woonboulevardutrecht.com/winkels/x2o-badkamers/
Woonexpress,https://woonboulevardutrecht.com/winkels/woonexpress/
Vloer Utrecht,https://woonboulevardutrecht.com/winkels/vloer-utrecht/
Woonspecialist Utrecht,https://woonboulevardutrecht.com/winkels/woonspecialist-utrecht/
Van den Heuvel Verlichting,https://woonboulevardutrecht.com/winkels/van-den-heuvel-verlichting/
Tuinmeubelshop,https://woonboulevardutrecht.com/winkels/tuinmeubelshop/
totaalBED,https://woonboulevardutrecht.com/winkels/totaalbed/
Swiss Sense,https://woonboulevardutrecht.com/winkels/swiss-sense/
Superkeukens,https://woonboulevardutrecht.com/winkels/superkeukens/
SaniSale,https://woonboulevardutrecht.com/winkels/sanisale/
Sani-Dump,https://woonboulevardutrecht.com/winkels/sanidump/
Sanidirect,https://woonboulevardutrecht.com/winkels/sanidirect/
Sanders Wonen,https://woonboulevardutrecht.com/winkels/sanders-wonen/
Roobol,https://woonboulevardutrecht.com/winkels/roobol/
Restaurant ’t Parkhuys,https://woonboulevardutrecht.com/winkels/restaurant-t-parkhuys/
Prénatal,https://woonboulevardutrecht.com/winkels/prenatal/
Pronto Wonen,https://woonboulevardutrecht.com/winkels/pronto-wonen/
Profijt Meubel,https://woonboulevardutrecht.com/winkels/profijt-meubel/
Prestige Sanitair,https://woonboulevardutrecht.com/winkels/prestige-sanitair/
HelloTV,https://woonboulevardutrecht.com/winkels/hellotv/
Piet Klerkx,https://woonboulevardutrecht.com/winkels/piet-klerkx/
TH Living,https://woonboulevardutrecht.com/winkels/th-living/
Morgana,https://woonboulevardutrecht.com/winkels/morgana/
Montèl,https://woonboulevardutrecht.com/winkels/montel/
MamaLoes,https://woonboulevardutrecht.com/winkels/mamaloes/
Marquardt Keukens,https://woonboulevardutrecht.com/winkels/marquardt-keukens/
Leen Bakker,https://woonboulevardutrecht.com/winkels/leen-bakker/
Lederland,https://woonboulevardutrecht.com/winkels/lederland/
La Piazza Basilico,https://woonboulevardutrecht.com/winkels/la-piazza-basilico/
Lampidee,https://woonboulevardutrecht.com/winkels/lampidee/
Kwantum,https://woonboulevardutrecht.com/winkels/kwantum/
KVIK,https://woonboulevardutrecht.com/winkels/kvik/
Kringloop de Wijkwinkel,https://woonboulevardutrecht.com/winkels/kringloop-de-wijkwinkel/
Keukenloods,https://woonboulevardutrecht.com/winkels/keukenloods/
Keuken Kampioen,https://woonboulevardutrecht.com/winkels/keuken-kampioen/
Keukenconcurrent,https://woonboulevardutrecht.com/winkels/keukenconcurrent/
Jysk,https://woonboulevardutrecht.com/winkels/jysk/
IKEA,https://woonboulevardutrecht.com/winkels/ikea/
Homefurn,https://woonboulevardutrecht.com/winkels/homefurn/
Hello Kitchen,https://woonboulevardutrecht.com/winkels/hello-kitchen/
Hartog wonen,https://woonboulevardutrecht.com/winkels/hartog-wonen/
Haco,https://woonboulevardutrecht.com/winkels/haco/
Grando Keukens en Bad,https://woonboulevardutrecht.com/winkels/grando-keukens-bad-utrecht/
Goossens wonen en slapen,https://woonboulevardutrecht.com/winkels/goossens-wonen-en-slapen/
Floorify,https://woonboulevardutrecht.com/winkels/floorify/
Floorplaza,https://woonboulevardutrecht.com/winkels/floorplaza/
Exterioo Tuinmeubelen Utrecht,https://woonboulevardutrecht.com/winkels/exterioo-tuinmeubelen-utrecht/
eLIVING,https://woonboulevardutrecht.com/winkels/eliving/
Echtwonen,https://woonboulevardutrecht.com/winkels/echtwonen/
De Machinekamer,https://woonboulevardutrecht.com/winkels/de-machinekamer/
Bommel Wonen,https://woonboulevardutrecht.com/winkels/bommel-wonen/
Carpetright,https://woonboulevardutrecht.com/winkels/carpetright/
Budgetvloer.nl,https://woonboulevardutrecht.com/winkels/budgetvloer-nl/
Bruynzeel Keukens,https://woonboulevardutrecht.com/winkels/bruynzeel-keukens/
Brugman Keukens en Badkamers,https://woonboulevardutrecht.com/winkels/brugman-keukens-en-badkamers/
Beter Bed,https://woonboulevardutrecht.com/winkels/beter-bed/
Beddenreus,https://woonboulevardutrecht.com/winkels/beddenreus/
Woninginrichting-Aanhuis.nl,https://woonboulevardutrecht.com/winkels/woninginrichting-aanhuis-nl/
Auping Store Utrecht,https://woonboulevardutrecht.com/winkels/auping-store-utrecht/
